,narG,napA,nirS,nirK,cNor,qNor,nosZ
aaa,1,0,0,0,0,0,0
aaci,0,0,0,1,0,1,0
aai,0,0,0,1,0,0,0
aak,0,1,0,1,1,0,1
aalg,0,1,0,1,1,0,1
aamb,1,0,0,0,0,0,0
aamy,0,0,0,0,0,1,0
aaq,1,0,0,1,0,0,0
aaqi,0,1,0,0,0,0,0
aaqu,0,0,1,1,0,1,1
aasc,1,0,0,0,0,0,0
aav,1,0,0,0,0,0,0
aba,0,0,0,0,0,1,0
abf,0,1,1,1,1,0,0
abo,1,0,0,0,0,0,0
abq,0,1,0,0,1,0,1
abs,0,1,0,1,1,0,1
ace,1,0,0,1,0,0,0
acet,0,0,0,0,0,1,0
achb,1,1,0,0,0,0,0
achr,1,1,0,1,0,1,1
acib,0,1,0,0,0,0,0
acid,1,0,1,0,1,0,1
acii,0,0,0,1,0,1,0
acij,1,0,0,1,0,1,0
acin,0,0,1,0,0,0,1
acio,0,0,1,0,1,0,1
acip,1,0,1,0,1,0,1
acis,1,0,0,0,1,0,1
acj,1,0,0,1,0,0,0
ack,1,0,0,0,0,1,0
acom,0,1,1,0,1,0,1
acq,0,0,0,1,0,0,0
acr,1,0,0,0,0,0,0
acra,1,0,0,0,0,0,1
acry,1,0,0,1,0,0,0
acto,1,0,0,1,0,0,0
actt,1,0,0,1,0,0,0
acu,1,0,0,0,0,0,0
acz,1,0,0,0,0,0,0
adi,1,0,0,1,0,1,1
adk,1,0,1,0,0,1,1
adn,1,0,1,0,0,1,1
adt,1,0,0,0,0,0,0
aeb,1,0,0,0,0,0,0
aeh,1,0,0,0,1,0,1
aei,1,0,0,0,0,0,0
aep,1,0,0,0,0,0,0
aev,0,0,0,1,1,0,1
aez,1,0,0,0,0,0,0
afa,0,0,1,1,0,1,1
afc,0,1,1,0,1,0,1
afi,1,0,0,0,0,0,0
afla,0,0,0,1,0,0,1
afq,0,0,1,1,0,1,1
agc,0,1,0,1,1,0,0
agt,0,1,0,1,1,0,0
agv,0,0,0,0,0,1,0
aht,0,0,0,1,1,0,0
ahu,0,1,0,0,0,0,0
ahz,0,0,0,0,0,0,1
ais,1,1,0,0,0,1,0
aji,0,0,0,1,0,0,0
ajs,1,0,1,0,1,1,1
aka,1,0,0,0,0,0,0
alg,0,0,0,0,0,1,0
ali,0,1,0,1,1,0,1
aln,1,0,0,0,0,0,0
alp,0,1,1,0,1,0,1
als,0,0,0,0,0,0,1
alti,0,0,0,0,0,0,1
alv,0,0,0,0,0,1,0
amah,1,0,1,0,1,0,0
amc,1,0,0,0,0,0,0
amh,1,0,0,0,0,0,0
ami,1,0,0,1,0,0,0
amih,0,1,0,1,1,0,0
amol,0,1,0,0,0,0,0
amr,0,0,0,0,0,1,0
ams,1,0,0,1,0,0,0
amv,1,0,0,0,0,0,0
amyb,1,0,0,0,0,0,0
amyy,1,0,0,0,0,0,0
ane,0,0,0,1,0,1,0
anp,0,0,0,1,0,0,1
ant,0,1,0,0,0,0,0
aoa,0,1,0,0,1,0,1
aol,0,1,1,1,1,0,1
aon,1,1,1,0,1,0,1
aos,1,0,0,1,0,1,0
apac,0,0,0,0,0,1,0
ape,1,0,0,0,0,0,0
apn,1,0,0,0,0,0,0
apoc,0,1,0,0,0,0,0
apom,0,0,0,0,0,1,0
app,0,1,1,0,0,1,1
apre,1,0,0,1,0,0,0
aprs,1,0,0,0,0,1,0
aqa,0,1,0,0,0,0,0
aql,1,0,1,0,1,0,0
aqs,1,0,1,0,1,0,0
arc,0,1,0,0,0,0,0
arl,1,0,0,1,0,0,0
arm,1,0,0,1,0,0,0
aro,0,1,0,1,1,0,1
art,1,0,0,0,0,0,0
artp,1,0,0,0,0,0,0
aru,1,0,0,0,0,0,0
ary,1,0,0,1,0,0,0
asc,0,0,0,0,0,1,0
asd,1,0,0,0,0,0,0
asip,0,0,0,0,0,1,0
ask,0,1,0,0,0,0,0
asl,0,0,0,1,0,0,1
asv,0,0,0,0,0,1,0
asw,0,1,0,0,0,0,0
ata,0,1,0,1,1,0,0
ati,0,1,0,0,1,0,0
atp,0,1,1,0,1,0,1
atu,0,1,0,1,1,0,0
atw,1,0,0,1,1,0,1
atx,1,0,0,0,0,0,0
aue,0,0,0,0,0,0,1
avu,1,0,0,0,0,0,0
axe,1,0,0,1,0,1,1
axn,1,1,0,1,0,1,1
axo,1,1,0,1,0,1,1
axx,1,1,0,1,0,1,1
axy,1,1,0,1,0,1,1
aza,0,1,1,1,1,0,1
azc,1,0,0,0,0,0,0
azd,1,1,1,0,1,0,1
azi,1,1,1,0,1,0,1
azl,0,1,0,1,1,0,0
azm,1,1,0,0,0,0,0
azo,0,1,0,0,1,0,1
azq,1,1,1,0,1,0,1
azr,0,1,0,0,1,0,1
azt,0,1,0,1,1,0,1
azz,0,1,1,1,1,0,1
baa,1,0,0,1,1,0,1
babb,1,0,0,1,1,0,1
babc,1,0,0,1,1,0,1
babo,1,0,0,1,1,0,1
babr,1,0,0,1,1,0,1
babs,1,0,0,1,1,0,1
babt,1,0,0,1,1,0,1
babu,1,0,0,1,1,0,1
bac,1,0,0,0,0,0,0
bacb,1,0,0,0,0,0,0
bacl,1,0,0,0,0,0,0
baco,1,0,0,0,0,0,0
bacp,1,0,0,0,0,0,0
bacs,1,0,0,0,0,0,0
bacy,1,0,0,0,0,0,0
bae,1,0,0,0,0,0,0
bag,1,0,0,0,0,0,0
bage,1,1,0,0,0,0,0
bah,1,0,0,0,0,0,0
bai,1,0,0,0,0,0,0
bal,1,0,0,0,0,0,0
balm,1,0,0,0,0,0,0
bam,1,0,0,0,0,0,0
bama,1,0,0,0,0,0,0
bamb,1,0,0,0,0,0,0
bamc,1,0,0,0,0,0,0
bamf,1,0,0,0,0,0,0
bami,1,0,0,0,0,0,0
baml,1,0,0,0,0,0,0
bamn,1,0,0,0,0,0,0
bamp,1,0,0,0,0,0,0
bamt,1,0,0,0,0,0,0
bamy,1,0,0,0,0,0,0
ban,1,0,0,0,0,0,0
banh,1,0,0,0,0,0,0
banr,1,0,0,0,0,0,0
bans,1,0,0,0,0,0,0
bant,1,0,0,0,0,0,0
banv,1,0,0,0,0,0,0
bao,1,0,0,0,0,0,0
bapi,1,0,0,0,0,0,0
baq,1,0,0,0,0,0,0
bar,1,0,0,0,0,0,0
bast,0,0,0,1,0,0,0
bat,1,0,0,0,0,0,0
bax,1,0,0,0,0,0,0
bay,1,0,0,0,0,0,0
baz,1,0,0,0,0,0,0
bbet,0,1,0,1,1,0,1
bbh,0,1,0,0,0,0,0
bbm,0,1,0,0,0,0,0
bbr,0,1,0,0,0,0,0
bbt,0,1,0,1,1,0,1
bbw,0,0,0,1,0,0,0
bbx,0,1,0,0,0,0,0
bby,1,0,0,0,0,0,0
bcad,0,0,0,1,0,1,1
bcar,1,0,0,1,1,0,1
bcas,1,0,0,1,1,0,1
bcb,1,0,0,0,0,0,0
bce,1,0,0,0,0,0,0
bced,1,0,0,0,0,0,0
bcee,1,0,0,1,1,0,0
bcen,1,0,0,0,0,0,0
bcer,1,0,0,0,0,0,0
bcet,1,0,0,1,1,0,0
bcf,1,0,0,0,0,0,0
bcg,1,0,0,0,0,0,0
bcir,1,0,0,0,0,0,0
bck,1,0,0,0,0,0,0
bcl,1,0,0,0,0,0,0
bcon,1,0,0,0,0,0,0
bcor,0,0,0,1,0,0,0
bcq,1,0,0,0,0,0,0
bcr,1,0,0,0,0,0,0
bcs,1,0,0,1,1,0,1
bcu,1,0,0,0,0,0,0
bcv,1,0,0,0,0,0,0
bcx,1,0,0,0,0,0,0
bcy,1,0,0,0,0,0,0
bcz,1,0,0,0,0,0,0
bdf,1,0,0,0,0,0,0
bdl,1,0,0,0,0,0,0
bdz,0,0,0,1,0,1,0
beb,0,0,0,1,0,0,0
beba,0,1,0,1,0,1,0
bfa,1,0,0,1,0,1,0
bfn,1,1,0,0,0,0,0
bfv,1,0,0,0,0,0,0
bgd,1,0,0,0,0,0,0
bgf,1,0,0,0,0,0,0
bgi,1,0,0,0,0,0,0
bgl,1,0,0,0,0,0,0
bgp,1,0,0,0,0,0,0
bgq,0,1,0,1,1,0,1
bgu,1,0,0,0,0,0,0
bgy,1,0,0,0,0,1,0
bgz,0,1,0,1,0,0,0
bht,1,0,0,0,0,0,0
bic,0,1,0,1,1,0,0
bii,0,0,0,1,0,0,0
bit,1,0,0,0,0,0,0
bja,0,1,0,1,1,0,1
bjp,0,1,0,1,1,0,0
bjs,1,0,0,0,0,0,0
bju,0,1,0,1,1,1,0
bld,1,0,0,0,0,1,0
blh,1,0,0,0,0,1,0
bli,1,0,0,0,0,1,0
bly,1,0,0,1,0,0,0
bma,1,0,0,1,0,1,1
bmab,1,0,0,1,0,1,0
bmae,1,0,0,1,0,1,1
bmaf,1,0,0,1,0,1,1
bmai,1,0,0,1,0,1,1
bmal,1,0,0,1,0,1,1
bmaq,1,0,0,1,0,1,1
bmaz,1,0,0,1,0,1,0
bmb,1,0,0,1,1,0,1
bmc,1,0,0,1,1,0,1
bme,1,0,0,1,1,0,1
bmed,1,0,0,1,0,0,0
bmee,1,0,0,1,1,0,1
bmel,1,0,0,1,1,0,1
bmf,1,0,0,1,1,0,1
bmg,1,0,0,1,1,0,1
bmi,1,0,0,1,1,0,0
bmj,1,0,0,0,0,0,0
bmk,1,0,0,0,0,0,0
bml,1,0,0,1,0,1,0
bmn,1,0,0,1,0,1,0
bmp,1,0,0,0,0,0,0
bmr,1,0,0,1,1,0,1
bms,1,0,0,1,1,0,1
bmt,1,0,0,1,1,0,1
bmu,1,0,0,0,0,0,0
bmul,1,0,0,0,0,0,0
bmv,1,0,0,1,0,1,0
bmw,1,0,0,1,1,0,1
bmyc,1,0,0,0,0,0,0
bmz,1,0,0,1,1,0,1
bnc,1,0,0,0,0,0,0
boc,1,0,0,1,0,1,0
bof,0,1,0,1,1,0,0
bok,1,0,0,1,0,1,0
bol,1,0,0,1,1,0,1
bomb,0,0,0,0,0,1,0
bon,0,0,0,1,0,0,0
bos,1,0,0,0,0,0,0
bot,0,1,0,1,1,0,1
bov,1,0,0,1,0,0,1
boz,1,0,0,0,0,0,0
bpa,0,1,0,0,0,0,0
bpar,0,1,0,0,0,0,0
bpd,1,0,0,1,0,1,1
bph,1,0,0,0,0,0,0
bpk,1,0,0,1,0,1,1
bpl,1,0,0,1,0,1,1
bpla,1,0,0,0,0,0,0
bpm,1,0,0,1,0,1,1
bpp,1,0,0,1,1,0,1
bpq,1,0,0,1,0,1,1
bpr,1,0,0,0,0,1,1
bprc,1,0,0,0,0,0,0
bps,1,0,0,1,0,1,1
bpsa,1,0,0,1,0,1,1
bpsd,1,0,0,1,0,1,1
bpse,1,0,0,1,0,1,1
bpsh,1,0,0,1,0,1,1
bpsi,1,0,0,1,0,1,0
bpsl,1,0,0,0,0,0,0
bpsm,1,0,0,1,0,1,1
bpso,1,0,0,1,0,1,1
bpsu,1,0,0,1,0,1,1
bpt,1,1,1,0,1,1,1
bpv,1,0,0,1,1,0,1
bpz,1,0,0,1,0,1,1
bql,1,0,0,0,0,0,0
bqy,1,0,0,0,0,0,0
bra,0,1,0,1,1,0,0
brad,0,1,0,1,1,0,1
brc,0,1,0,1,1,0,0
brj,1,0,0,1,1,0,1
brn,0,0,0,1,0,0,1
bro,0,1,0,1,1,0,1
brq,0,1,0,1,0,0,0
brs,0,1,0,1,1,0,0
bru,1,0,0,1,1,0,1
brv,1,0,0,1,0,0,0
brx,1,0,0,0,0,0,0
brz,1,0,0,1,0,0,0
bsau,1,0,0,1,0,0,0
bsd,1,0,0,1,0,0,0
bsed,0,1,0,1,0,0,0
bsf,1,0,0,1,1,0,1
bsg,0,0,0,1,1,0,1
bsh,1,0,0,0,0,0,0
bsi,1,0,0,1,1,0,1
bsia,1,0,0,0,0,0,0
bsk,1,0,0,1,1,0,1
bsl,1,0,0,0,0,0,0
bsn,1,0,0,0,0,0,0
bso,1,0,0,0,0,0,0
bsol,1,0,0,1,0,0,0
bson,1,0,0,0,0,1,0
bsp,1,0,0,0,0,0,0
bsq,1,0,0,0,0,0,0
bsr,1,0,0,0,0,0,0
bss,1,0,0,0,0,0,0
bst,1,0,0,0,0,0,0
bsu,1,0,0,0,0,0,0
bsuc,1,0,0,1,1,0,1
bsui,1,0,0,1,1,0,1
bsul,1,0,0,0,0,0,0
bsup,1,0,0,1,1,0,1
bsus,1,0,0,0,0,0,0
bsut,1,0,0,0,0,0,0
bsuv,1,0,0,1,1,0,1
bsv,1,0,0,1,1,0,1
bsw,0,0,0,1,1,0,1
bsx,1,0,0,0,0,0,0
bsy,1,0,0,0,0,0,0
bsym,0,1,0,1,1,0,0
bsz,1,0,0,1,1,0,1
btb,1,0,0,0,0,0,0
btc,1,0,0,0,0,0,0
btd,1,0,0,1,0,1,0
bte,1,0,0,1,0,1,1
btei,1,0,0,0,0,0,0
btf,1,0,0,0,0,0,0
btg,1,0,0,0,0,0,0
btha,1,0,0,1,0,1,1
bthe,1,0,0,1,0,1,1
bthi,1,0,0,0,0,0,0
bthl,1,0,0,1,0,1,1
bthm,1,0,0,1,0,1,1
bthr,1,0,0,0,0,0,0
btht,1,0,0,0,0,0,0
bthu,1,0,0,0,0,0,0
bthv,1,0,0,0,0,0,0
bthy,1,0,0,0,0,0,0
bti,1,0,0,0,0,0,0
btj,1,0,0,1,0,1,1
btk,1,0,0,0,0,0,0
btl,1,0,0,0,0,0,0
btm,1,0,0,0,0,0,0
btn,1,0,0,0,0,0,0
btq,1,0,0,1,0,1,1
btrm,1,0,0,0,0,0,0
btro,1,0,0,0,0,0,0
bts,1,0,0,0,0,1,0
btt,1,0,0,0,0,0,0
btv,1,0,0,1,0,1,1
btw,1,0,0,0,0,0,0
bty,1,0,0,0,0,0,0
btz,1,0,0,1,0,1,1
bub,1,0,0,0,0,0,0
bud,1,0,0,1,0,1,0
bue,1,1,0,0,0,0,0
buf,1,1,0,0,0,0,0
buj,1,0,0,0,0,0,0
buk,1,0,0,0,0,0,0
bul,1,0,0,1,0,1,0
bum,1,1,0,0,0,0,0
buo,0,1,0,0,0,0,0
buq,1,0,0,0,0,0,0
but,1,0,0,1,0,1,1
buu,1,0,0,1,0,1,0
bve,1,0,0,0,0,0,0
bvi,1,0,0,0,0,0,0
bvl,1,0,0,1,1,0,1
bvm,1,0,0,0,0,0,0
bvy,1,0,0,0,0,0,0
bwd,1,0,0,0,0,0,0
bwe,1,0,0,0,0,0,0
bww,1,0,0,0,0,0,0
bxb,0,1,0,0,0,0,0
bxe,0,1,0,0,0,0,0
bxh,1,0,0,0,0,0,0
bya,1,0,0,0,0,0,0
byi,1,1,0,0,0,0,0
caba,1,1,0,0,0,0,0
caby,0,1,0,0,0,1,0
cacn,1,0,0,1,0,1,0
caf,1,1,0,0,0,0,0
cag,0,0,0,1,0,0,0
cai,1,0,0,0,0,0,0
caj,0,1,0,0,0,0,1
cak,1,0,0,0,0,0,0
camg,1,0,0,0,0,0,0
can,0,0,0,0,0,1,0
cao,0,1,0,0,0,1,1
car,0,0,0,1,0,0,0
cart,1,0,0,1,0,0,0
cate,0,1,0,0,1,0,0
cau,0,0,0,1,0,0,0
cauf,1,0,0,0,0,0,0
cax,0,0,0,1,0,0,0
cbab,1,0,0,0,0,0,0
cbac,0,1,0,0,0,0,0
cbal,0,1,0,0,0,1,0
cbat,0,1,0,0,0,1,0
cber,0,1,0,0,0,0,1
cbot,1,0,0,0,0,0,0
cbw,1,0,0,0,0,1,0
cceu,1,0,0,1,0,0,0
ccg,1,0,0,0,0,0,0
ccj,1,0,0,1,0,0,0
ccjz,1,0,0,1,0,0,0
cco,0,1,0,0,0,1,1
ccoc,0,1,0,0,0,1,1
ccon,1,0,0,0,0,0,0
ccv,0,1,0,0,0,1,1
cda,1,0,0,1,0,1,0
cdb,1,0,0,0,0,1,0
cdd,1,0,0,1,0,1,0
cde,1,0,0,1,0,1,0
cdh,1,0,0,1,0,1,0
cdi,1,0,0,1,0,1,0
cdip,1,0,0,1,0,1,0
cdm,1,0,0,0,0,0,0
cdn,1,0,0,1,1,1,1
cdo,1,0,0,1,0,1,0
cdp,1,0,0,1,0,1,0
cdq,0,1,0,1,1,0,1
cdr,1,0,0,0,0,1,0
cds,1,0,0,1,0,1,0
cdt,1,0,0,1,0,1,0
cdv,1,0,0,1,0,1,0
cdw,1,0,0,1,0,1,0
cdx,0,0,0,1,0,0,0
cdz,1,0,0,1,0,1,0
ced,1,0,0,0,0,0,0
cef,1,0,0,1,0,0,0
ceg,1,0,0,0,0,1,0
cei,0,0,0,1,0,0,0
cek,0,1,0,0,0,0,0
celh,1,0,0,1,0,0,0
cell,1,0,0,1,1,1,0
cem,1,1,0,0,0,0,0
cen,1,1,0,0,0,0,0
cet,1,0,0,0,0,0,0
cez,1,0,0,1,0,0,0
cfi,1,0,0,1,0,0,0
cfk,0,0,0,1,0,0,0
cfl,1,0,0,1,0,0,0
cfon,0,1,0,1,0,1,0
cga,1,0,0,1,0,0,0
cgb,1,0,0,1,0,0,0
cgg,1,0,0,0,0,0,0
cgj,1,0,0,0,0,0,0
cgl,1,0,0,0,0,0,0
cgm,1,0,0,1,0,0,0
cgq,1,0,0,0,0,0,0
cgrn,0,0,0,1,0,0,0
cgs,1,0,0,0,0,0,0
cgt,1,0,0,1,0,0,0
cgu,1,0,0,0,0,0,0
cgx,1,0,0,0,0,0,0
chae,1,0,0,0,1,0,0
chel,0,1,0,1,1,0,1
chit,0,0,0,0,0,0,1
chiz,0,1,0,1,0,1,0
chj,0,0,0,1,0,1,1
chl,0,0,0,1,0,0,0
chn,1,0,0,1,0,0,0
chrb,1,0,0,0,0,1,0
chri,1,0,0,0,0,1,0
chrm,1,0,0,1,0,1,0
chro,1,0,0,0,0,1,0
chrs,0,0,0,1,1,1,0
chrz,0,0,0,1,0,0,1
cid,0,0,0,1,1,0,0
cig,1,0,0,1,0,0,0
cio,0,0,0,0,0,1,0
cja,0,0,0,0,0,1,0
cke,0,1,0,0,0,0,0
ckp,0,0,0,1,0,0,0
cku,1,0,0,1,0,0,0
clac,0,0,0,0,0,1,0
clap,1,1,0,0,0,0,0
clg,0,0,0,0,0,1,0
cma,0,0,0,0,0,1,0
cmd,1,0,0,1,0,0,0
cmed,0,1,0,0,0,0,0
cmin,0,0,0,1,0,0,0
cmj,1,0,0,0,0,0,0
cmq,1,0,0,1,0,0,0
cmv,0,0,0,1,0,0,0
cmw,1,0,0,0,0,0,0
cnc,1,1,1,0,0,1,0
cnk,0,0,0,0,0,1,0
cnr,0,0,0,0,1,0,1
cnt,1,1,0,0,0,0,0
coa,0,0,0,1,0,0,0
cof,0,0,1,1,0,0,0
cola,0,1,0,0,0,0,0
colw,0,1,0,0,0,0,0
com,0,1,0,0,0,0,0
comm,1,0,0,0,0,1,0
coq,1,0,0,0,0,1,0
cov,0,1,1,1,1,0,1
cox,1,1,1,0,0,1,1
coz,0,1,0,0,0,0,0
cpaf,0,1,0,0,0,0,0
cpau,1,1,1,0,0,1,1
cpeg,1,0,0,1,0,1,0
cpho,0,0,0,1,0,0,0
cpi,0,0,0,0,0,1,0
cpin,0,1,0,0,0,0,0
cps,0,1,1,0,1,0,1
cry,1,0,0,1,0,0,0
crz,1,0,0,0,1,0,0
csa,1,0,0,0,0,0,0
cse,0,0,0,1,0,1,0
csi,1,0,0,0,0,0,0
csj,1,0,0,0,0,0,0
csk,1,0,0,0,0,0,0
csn,0,0,0,0,0,1,0
csp,1,0,0,1,0,1,0
csph,1,0,0,1,0,1,0
csta,1,0,0,1,0,0,0
cste,1,0,0,0,0,0,0
cstr,1,0,0,1,0,1,0
csu,1,0,0,1,0,0,0
csx,0,0,0,1,0,0,0
cted,1,0,0,1,0,0,0
cthe,0,0,0,0,0,1,0
cti,1,1,1,0,0,1,0
ctt,0,1,0,0,0,0,0
ctu,1,0,0,0,0,0,0
cua,0,0,0,1,0,0,0
cuh,1,0,0,0,0,0,0
cui,1,0,0,0,0,0,0
cur,0,0,0,1,0,0,0
cut,1,0,0,0,0,0,0
cvc,1,0,0,1,0,1,0
cvi,1,0,0,1,0,1,0
cvt,1,0,0,1,0,0,0
cwo,1,0,0,0,0,0,0
cxe,0,0,0,1,0,0,0
daa,0,0,0,1,1,0,0
dac,1,0,0,0,0,0,0
dap,1,1,0,0,0,0,1
daq,1,0,0,0,0,0,0
dar,0,1,1,0,1,0,1
dat,1,0,0,0,0,0,0
dav,1,0,0,0,0,0,0
dda,1,0,0,0,0,0,0
ddc,1,0,0,0,0,0,0
ddd,1,0,0,0,0,0,0
ddf,1,1,0,0,0,0,0
ddq,1,0,0,0,0,0,0
ddt,0,1,0,0,0,0,0
dea,0,0,0,1,0,0,0
dee,1,1,0,0,0,0,0
dei,0,1,0,1,0,0,0
del,1,0,0,0,0,0,0
deu,1,0,0,0,0,0,0
dex,0,0,0,0,0,1,0
dey,0,1,1,0,1,0,1
dfe,0,0,0,0,0,0,1
dfn,1,0,0,0,0,0,0
dhk,1,0,0,0,0,0,0
dia,1,0,1,0,1,1,1
dic,1,0,0,0,0,0,0
dih,1,0,1,0,1,0,1
dja,0,1,0,1,0,0,0
dji,0,1,0,1,0,1,1
djj,0,0,0,1,0,0,0
dko,0,1,0,0,0,0,0
dml,1,0,0,0,0,1,0
doe,1,1,1,0,1,0,1
don,1,0,0,0,0,0,0
dov,0,0,0,0,0,1,0
dpy,1,0,1,0,1,1,1
dru,0,0,0,0,0,0,1
dsf,0,1,0,0,0,0,0
dsh,0,1,1,0,1,0,1
dso,1,0,0,0,0,0,0
dsu,0,1,1,0,1,0,1
dts,1,0,0,0,0,0,0
dtx,0,0,0,1,0,1,0
dva,0,0,0,1,0,0,0
dwd,1,0,0,0,0,1,0
dzc,1,0,0,0,0,0,0
dze,1,0,0,0,0,0,0
ead,0,1,0,1,1,0,0
eae,1,0,0,0,0,0,0
eah,0,1,0,1,1,0,1
eak,0,1,0,1,1,0,0
eao,0,0,0,0,0,1,0
ear,1,0,0,0,0,0,0
eas,1,0,0,0,0,0,0
eau,1,0,0,0,0,0,0
eba,1,0,1,0,1,0,1
ebc,1,0,0,0,0,0,0
ebf,1,0,0,0,0,0,0
ebg,1,0,0,0,0,0,0
ebh,1,0,0,0,0,0,0
ebi,1,0,0,0,0,0,0
ebu,1,0,0,0,0,0,0
ecan,1,0,0,0,0,0,0
echg,1,0,0,0,0,0,0
ecla,1,0,0,0,0,0,0
eclc,1,0,0,0,0,0,0
ecle,1,0,0,0,0,0,0
eclg,1,0,0,0,0,0,0
ecli,1,0,0,0,0,0,0
ecln,1,0,0,0,0,0,0
ecls,1,0,0,0,0,0,0
eclx,1,0,0,0,0,0,0
ecly,1,0,0,0,0,0,0
eclz,1,0,0,0,0,0,0
ecog,1,0,0,1,1,0,1
ecor,1,0,0,0,0,1,0
eec,1,0,0,0,0,0,0
een,0,0,0,0,0,1,0
efe,1,1,0,0,0,0,0
ege,1,0,0,0,0,0,0
egm,0,0,0,1,0,1,0
ego,0,0,0,1,0,1,0
ehm,1,0,0,0,0,0,0
ekb,1,0,0,0,0,0,0
elb,0,0,0,0,0,1,0
elg,1,0,0,0,0,0,0
elt,0,0,0,1,0,1,1
elz,0,0,0,1,0,1,0
emg,0,0,0,1,0,1,0
emn,0,0,0,0,0,1,0
emo,1,0,0,0,0,0,0
emx,0,1,0,1,1,0,1
enc,1,0,0,0,0,0,0
end,1,0,0,0,0,0,0
enf,1,0,0,0,0,0,0
enl,1,0,0,0,0,0,0
enm,0,0,0,0,1,0,0
eno,1,0,0,0,0,0,0
enr,1,0,0,0,0,0,0
ent,1,0,0,0,0,0,0
enx,1,0,0,0,0,0,0
epe,1,0,0,0,0,0,0
ern,1,0,0,0,0,0,0
err,1,0,0,0,0,0,0
erwi,1,0,0,0,0,0,0
erz,0,0,0,1,0,0,0
esa,1,0,0,0,0,0,0
esc,1,0,0,0,0,0,0
esh,1,0,0,0,0,0,0
euz,0,0,0,1,0,0,0
exf,1,0,0,0,0,0,0
fba,0,0,0,1,0,0,1
fbc,0,1,0,1,1,0,1
fcm,0,0,0,1,1,0,0
fco,0,0,0,1,1,0,1
fcr,0,0,0,1,0,1,1
fgg,0,0,0,1,0,0,1
fgl,0,0,0,1,1,0,0
fil,1,0,0,0,1,0,0
fiy,1,0,0,0,1,0,0
fjg,0,0,0,0,0,1,1
fjo,0,0,0,1,0,1,0
fla,0,0,0,0,0,0,1
fls,0,0,0,0,0,0,1
fnk,0,0,0,0,0,0,1
for,0,0,0,1,0,0,0
fpl,1,0,0,0,1,0,1
fsi,0,1,0,0,0,0,0
fsl,1,0,0,1,0,0,0
gaa,0,1,0,0,0,0,0
gai,1,0,0,0,1,0,0
gau,0,0,0,1,0,0,1
gav,1,0,0,0,0,0,0
gba,0,0,0,1,0,0,1
gbi,1,0,0,0,0,0,0
gbr,1,0,0,0,0,0,0
gca,0,0,0,0,1,0,0
gcr,1,0,0,1,0,0,0
gct,1,0,0,1,0,1,0
gea,1,0,0,0,0,1,0
gei,0,0,0,0,0,1,0
gej,1,0,0,0,0,1,0
gel,1,0,0,0,0,1,0
ges,0,0,0,0,0,1,0
gez,1,0,0,0,0,0,0
gfl,0,0,0,0,0,1,0
gfo,0,0,0,0,0,0,1
ggh,1,0,0,0,0,1,0
gho,0,1,0,0,0,0,0
git,1,0,0,0,0,0,0
gjf,1,0,0,1,0,1,1
gka,0,0,0,1,0,1,0
gli,1,0,0,0,0,1,0
glp,0,0,0,0,0,1,0
glu,1,0,0,0,0,0,0
gmc,1,0,0,1,0,1,0
goc,1,0,0,0,0,0,0
gom,1,0,0,0,0,0,0
goq,1,0,0,1,0,0,0
gpb,1,0,1,1,1,1,1
gqu,1,1,0,0,0,0,0
grc,1,0,0,0,0,0,0
grs,0,0,0,1,0,1,1
gse,1,0,0,1,0,1,0
gsn,0,1,0,0,0,1,0
gsr,1,0,0,1,0,1,1
gst,1,0,0,1,0,0,1
gta,1,0,0,0,0,0,0
gte,1,0,0,0,0,1,0
gth,1,0,0,1,0,1,0
gtk,1,0,0,0,0,1,0
gtm,1,0,0,1,0,1,0
gtn,1,0,0,1,0,1,1
gwc,1,0,0,0,0,0,0
gya,1,0,0,0,0,1,0
gyc,1,0,0,0,0,1,0
gym,1,0,0,0,0,0,0
hab,1,0,0,1,0,1,1
had,0,1,0,0,0,0,0
hadh,0,0,0,0,0,1,0
haer,1,0,0,1,0,1,1
hag,0,1,0,0,0,0,0
hah,0,0,0,0,0,0,1
hahe,1,0,1,0,1,1,0
haj,0,0,0,1,0,1,0
hak,1,0,0,0,0,0,0
hala,1,0,0,1,0,0,0
hale,1,0,0,1,0,1,0
hali,1,0,0,1,0,1,0
halj,1,0,0,1,0,1,1
halk,1,0,0,0,0,0,0
hall,1,0,0,1,0,1,0
haln,0,0,0,0,0,1,1
halo,1,1,0,0,0,0,0
halq,1,0,0,0,0,1,1
halr,1,0,0,0,0,1,0
halu,0,0,0,1,0,0,0
haly,0,0,0,1,0,1,0
halz,1,0,0,1,0,1,0
ham,1,0,0,0,0,0,0
haq,1,0,0,1,0,1,0
har,1,0,0,1,0,1,0
hat,0,0,0,1,1,0,0
hau,0,0,0,1,0,0,0
hav,1,1,0,0,0,0,0
haxi,1,0,0,0,1,0,0
hbe,1,0,0,0,1,0,1
hbo,1,0,0,1,0,1,1
hce,0,1,0,0,0,0,0
hch,1,1,1,0,1,1,1
hcm,0,1,0,0,0,0,0
hco,1,1,1,0,1,0,1
hcs,1,0,0,0,0,0,0
hdf,1,0,0,0,0,0,0
hdh,1,0,0,0,0,0,0
hdl,0,0,0,0,0,0,1
hdn,1,0,0,1,1,0,1
hdt,1,0,0,1,1,0,1
hebr,0,1,0,0,0,0,1
hel,1,0,0,0,0,0,0
het,0,1,0,0,0,0,0
hfe,0,1,0,0,0,0,0
hfr,1,0,0,0,0,0,0
hgi,0,0,0,1,0,1,0
hhb,0,0,0,1,0,1,1
hhg,0,0,0,0,0,1,0
hhh,0,1,0,0,0,0,0
hhi,1,0,0,1,0,1,1
hhm,0,1,0,0,0,0,0
hhn,1,0,0,1,0,1,1
hhu,1,0,0,0,0,0,0
hhy,0,0,0,0,0,1,1
hjt,1,0,1,1,0,1,0
hla,1,0,0,0,0,1,1
hlc,1,0,1,1,0,1,1
hlm,0,0,0,1,0,1,0
hma,1,0,0,1,0,1,1
hmc,1,0,0,0,0,0,0
hme,1,0,0,1,0,1,1
hmi,0,0,0,1,1,1,1
hmu,1,0,0,1,0,1,0
hne,1,0,0,0,0,0,0
hni,0,1,0,1,1,0,1
hoe,1,0,0,0,0,0,1
hol,1,0,0,0,1,0,1
hpar,1,1,0,0,0,0,0
hpel,1,0,0,1,0,1,1
hpse,1,0,1,0,1,0,1
hra,0,0,0,1,0,1,0
hrb,1,0,0,0,0,0,0
hrr,1,0,0,1,0,0,0
hru,0,0,0,1,0,0,0
hse,1,0,0,0,0,0,0
hsi,1,0,1,0,1,0,1
hsm,0,1,0,0,0,0,0
hsn,0,0,0,1,0,0,0
hso,0,1,0,0,0,0,0
hsr,0,0,0,1,0,0,0
hsz,1,0,0,0,0,0,0
hta,1,0,0,1,0,1,1
hte,1,0,1,0,1,0,1
hth,1,0,1,0,1,0,1
htl,0,0,1,0,1,0,0
htq,1,0,0,0,0,1,0
htu,1,0,0,1,0,1,0
hut,1,0,0,1,0,0,0
huw,1,0,0,1,0,0,0
hvn,1,0,0,0,0,0,0
hvo,1,0,0,1,0,1,0
hxa,1,0,0,1,0,1,1
hya,1,0,1,0,0,1,0
hyb,1,0,0,0,0,1,0
hyc,1,0,1,0,1,0,0
hyd,0,0,0,1,0,0,1
hye,0,0,0,1,0,0,0
hyl,1,0,1,0,1,0,0
hyn,1,0,0,0,0,0,0
hyo,0,1,1,0,1,0,1
hyr,1,0,0,0,0,0,0
idi,1,0,0,1,0,1,0
ido,1,0,0,0,0,0,0
idt,1,0,0,1,0,1,0
ili,0,0,0,1,0,1,0
ilo,0,0,0,1,0,1,0
iod,0,1,0,1,0,1,0
jab,0,1,0,0,0,1,0
jaj,0,1,0,1,1,1,0
jal,1,0,0,1,0,1,0
jas,1,0,0,1,0,1,0
jaz,1,0,0,1,0,1,0
jde,1,0,0,1,0,0,0
jeu,1,0,0,0,0,0,0
jli,1,0,0,1,0,0,0
jlv,1,0,0,1,0,1,0
jme,1,0,0,1,0,0,0
jsv,1,0,0,1,0,1,0
kak,0,1,1,0,1,0,1
kan,0,0,0,0,0,0,1
kco,1,0,0,0,0,0,0
kfl,1,0,0,0,0,0,0
kfv,1,0,0,1,0,1,0
kgo,1,0,0,0,0,0,0
kie,1,0,0,0,0,0,0
kii,1,0,0,1,0,0,0
kim,0,0,0,1,1,0,0
kin,1,0,0,0,0,0,0
kki,0,0,0,1,0,1,1
kko,1,0,1,1,0,1,0
kle,1,0,0,0,0,0,0
kll,1,0,0,0,0,0,0
kln,0,1,0,0,0,0,0
klw,1,0,0,0,0,0,0
kmi,1,1,0,0,0,0,0
koa,0,0,0,1,0,1,1
koc,1,0,0,0,0,0,0
kod,1,0,0,1,0,0,0
koe,1,0,0,0,0,0,0
kok,1,0,0,0,0,0,0
kom,1,0,0,0,0,0,0
kor,1,0,0,0,0,0,0
kot,1,0,0,0,0,0,0
kox,1,0,0,0,0,0,0
koy,1,0,0,0,0,0,0
kpa,1,0,0,0,0,0,0
kpb,1,0,0,0,0,0,0
kpc,1,0,0,0,0,0,0
kpd,0,0,1,1,0,1,0
kpe,1,0,0,0,0,0,0
kpg,1,0,0,0,0,0,0
kph,1,0,0,0,0,0,0
kphy,1,0,0,0,0,0,0
kpi,1,0,0,0,0,0,0
kpj,1,0,0,0,0,0,0
kpk,1,0,0,0,0,0,0
kpl,1,0,0,0,0,0,0
kpm,1,0,0,0,0,0,0
kpn,1,0,0,0,0,0,0
kpne,1,0,0,0,0,0,0
kpnk,1,0,0,0,0,0,0
kpnu,1,0,0,0,0,0,0
kpo,1,0,0,0,0,0,0
kpp,1,0,0,0,0,0,0
kpq,1,0,0,0,0,0,0
kpr,1,0,0,0,0,0,0
kps,1,0,0,0,0,0,0
kpt,1,0,0,0,0,0,0
kpu,1,0,0,0,0,0,0
kpv,1,0,0,0,0,0,0
kpw,1,0,0,0,0,0,0
kpx,1,0,0,0,0,0,0
kpy,1,0,0,0,0,0,0
kpz,1,0,0,0,0,0,0
kqi,1,0,0,0,0,0,0
kqu,1,0,0,0,0,0,0
kqv,1,0,0,0,0,0,0
krd,1,0,0,0,0,0,0
krs,1,0,0,1,0,1,0
ksa,1,0,0,0,0,0,0
ksd,0,0,0,1,0,1,0
kst,1,0,1,0,0,0,0
kuy,1,0,0,0,0,0,0
kva,1,0,0,0,0,0,0
kvd,1,0,0,0,0,0,0
kvq,1,0,0,0,0,0,0
labp,0,1,1,0,1,0,1
labt,0,1,1,0,1,0,1
laci,0,0,0,1,1,0,1
lack,1,0,0,0,0,0,0
lacs,0,0,0,0,0,0,1
lact,1,0,0,0,0,1,0
lag,0,1,0,0,0,0,0
lagg,0,1,1,0,1,0,1
laj,0,0,0,1,1,0,1
lal,1,0,0,0,0,1,0
lalw,1,0,0,0,0,0,0
lao,1,0,0,0,0,0,0
lap,0,1,0,0,0,0,0
laq,0,1,0,0,0,0,0
laqu,0,1,0,1,1,0,1
lax,1,0,0,0,0,0,0
laz,1,0,0,0,0,0,0
lbf,0,0,0,1,1,0,1
lbi,0,0,0,1,1,0,1
lbj,0,0,0,1,0,0,0
lbl,0,0,0,1,0,0,0
lch,0,1,1,0,1,0,1
lcj,0,0,0,0,0,1,0
lcu,0,0,0,0,0,1,0
lcy,1,0,0,0,0,1,0
lea,1,0,0,0,0,0,0
lee,1,0,0,0,0,0,0
lef,1,0,0,0,0,0,0
leh,1,0,0,0,0,0,0
lei,1,0,0,0,0,0,0
lej,0,1,0,1,1,0,1
ler,1,0,0,0,0,0,0
lew,1,0,0,0,0,0,0
lfe,1,0,0,0,0,1,0
lff,1,0,0,0,0,1,0
lfm,0,0,0,0,0,1,0
lfr,1,0,0,0,0,1,0
lfs,0,0,0,0,0,1,0
lgn,1,0,0,0,0,1,0
lgz,1,0,0,0,0,0,0
lhk,0,1,0,0,0,0,0
lho,0,0,0,0,0,1,0
lib,0,0,0,0,0,1,0
lim,1,0,0,0,0,0,0
lit,0,1,0,0,0,0,0
ljr,0,0,0,0,0,1,0
lkm,0,0,0,1,0,0,0
lko,1,0,0,0,0,0,0
llg,0,0,0,0,0,1,0
llo,0,0,0,0,0,1,0
lmb,0,0,0,1,0,1,0
lmd,0,1,0,0,0,0,1
lmir,1,0,0,1,0,1,1
lne,1,0,0,0,0,0,0
lni,1,0,0,0,0,0,0
lpa,0,0,0,0,0,1,0
lpb,1,0,0,0,0,0,0
lpc,0,0,0,0,0,1,0
lpd,1,0,0,0,0,0,0
lpe,0,0,0,0,0,1,0
lpf,0,0,0,0,0,1,0
lpg,1,0,0,0,0,0,0
lph,0,0,0,0,0,1,0
lpil,0,0,0,1,0,1,0
lpj,1,0,0,0,0,0,0
lpl,1,0,0,0,0,0,0
lpm,0,0,0,0,0,1,0
lpn,0,0,0,0,0,1,0
lpo,0,0,0,0,0,1,0
lpp,0,0,0,0,0,1,0
lpu,0,0,0,0,0,1,0
lpx,1,0,0,0,0,0,0
lrf,1,0,0,0,0,0,0
lrr,1,0,0,0,0,0,0
lrt,1,0,0,0,0,0,0
lru,1,0,0,0,0,0,0
lsd,0,1,1,0,1,0,1
lsh,0,0,0,0,0,1,0
lsol,0,1,0,1,0,1,0
lst,0,0,0,1,0,0,0
lue,0,0,0,1,0,1,0
lug,0,1,1,1,1,1,1
luo,0,0,0,1,0,0,0
lus,0,0,0,1,1,0,0
lut,0,1,1,0,1,0,1
lvs,1,0,0,0,0,0,0
lwi,1,0,0,0,0,0,0
lwl,0,0,0,1,0,0,0
lyj,0,1,0,1,0,1,0
lzy,1,0,0,0,0,0,0
maad,1,0,0,0,0,0,0
macr,1,0,0,0,0,0,0
maf,1,0,0,0,0,0,0
mag,0,1,1,0,1,0,1
maga,1,0,0,0,0,0,0
magn,0,1,1,0,0,0,1
magq,0,1,0,0,1,0,1
magx,0,1,1,0,1,0,1
mah,0,0,0,0,1,0,0
malg,1,0,0,0,0,0,0
mali,1,0,0,0,0,0,0
malu,1,0,0,1,1,0,0
mam,0,0,0,1,0,0,0
mamo,0,0,0,1,0,0,0
man,1,0,0,0,0,0,0
mao,1,0,0,0,0,0,0
maq,1,0,1,0,1,0,1
mara,1,0,1,0,1,0,1
marf,0,0,0,1,0,1,1
mari,1,0,0,0,0,0,1
marj,0,0,1,0,1,0,1
mars,0,0,0,1,0,0,0
mart,0,1,0,1,0,0,1
mass,1,0,0,1,0,1,1
masy,1,0,0,1,0,1,1
masz,1,0,0,1,0,0,1
mau,1,0,0,1,0,0,0
maur,0,0,0,1,0,0,0
mav,1,0,0,0,0,1,0
mavi,1,0,0,0,0,0,0
mavu,1,0,0,0,0,0,0
mbb,1,0,0,0,0,0,0
mbk,1,0,0,0,0,0,0
mbl,1,0,0,0,0,0,0
mbm,1,0,0,0,0,0,0
mbo,1,0,0,0,0,0,0
mbs,1,0,0,1,1,0,1
mbt,1,0,0,0,0,0,0
mbur,0,0,0,0,1,0,0
mbx,1,0,0,0,0,0,0
mca,0,0,0,0,1,0,0
mcak,1,0,0,0,0,0,0
mcat,1,0,0,1,0,1,0
mcb,1,0,0,0,0,0,0
mce,1,0,0,0,0,0,0
mcg,1,0,0,0,0,0,0
mchi,1,0,0,0,0,1,0
mcht,1,0,0,0,0,1,0
mci,0,0,0,1,0,0,0
mcl,1,0,0,0,0,0,0
mcq,1,0,0,0,0,0,0
mcs,1,0,0,1,0,1,0
mct,1,0,0,1,0,1,0
mcu,1,0,0,0,0,0,0
mcv,1,0,0,0,0,0,0
mcx,1,0,0,0,0,0,0
mcz,1,0,0,0,0,0,0
mdh,0,0,1,0,1,0,0
mdn,1,1,1,0,1,0,0
mdr,1,0,0,0,0,0,0
mdu,1,0,0,1,0,1,0
mdx,1,0,0,0,0,0,0
mec,0,0,0,1,0,0,0
mej,1,0,0,0,1,0,1
mela,1,0,1,0,1,1,0
melm,1,0,1,1,1,1,1
mes,0,0,0,1,0,0,0
mesm,0,0,0,1,0,0,0
met,1,1,0,0,0,0,1
metd,1,0,0,0,0,0,0
meti,0,1,0,0,0,0,0
metl,0,0,1,0,1,0,0
metr,1,0,0,0,0,1,0
metu,0,0,0,0,1,0,0
mety,1,0,0,0,0,0,0
mey,1,0,0,0,0,0,0
mfj,1,0,0,0,0,1,0
mfla,1,1,0,1,1,1,1
mft,1,0,0,0,0,1,0
mgg,1,0,0,1,0,0,0
mgi,1,0,0,1,0,0,0
mgin,0,0,0,0,0,1,1
mgm,0,1,0,0,1,0,0
mgo,1,0,0,0,0,0,0
mgos,0,0,0,0,0,0,1
mgry,0,1,1,0,1,0,1
mgy,0,1,1,0,1,0,1
mhad,1,0,0,0,0,0,0
mhas,0,0,0,1,0,0,0
mhc,1,0,1,0,1,1,1
mhd,1,1,0,0,0,0,0
mhey,0,0,0,0,0,1,0
mhua,0,0,0,1,0,0,0
mia,1,0,0,0,0,1,0
micb,1,0,0,1,0,0,0
micg,1,0,0,1,0,0,0
mico,0,0,0,1,1,0,1
mid,1,0,0,1,0,1,0
mii,1,0,0,0,0,0,0
mik,1,0,0,0,0,0,0
mil,1,0,0,1,0,0,0
min,0,0,0,1,1,0,0
mint,1,0,0,0,0,0,0
mio,0,0,0,1,0,0,0
mir,1,0,0,1,0,1,0
mit,1,0,0,0,0,1,0
miv,0,0,0,1,1,0,1
mjd,1,0,0,1,0,1,0
mjl,1,0,0,0,0,1,0
mjr,0,0,0,1,0,0,0
mkc,0,0,0,0,1,0,0
mkm,1,0,0,0,0,1,0
mkn,1,0,0,0,0,1,0
mko,0,0,1,0,1,1,0
mkr,1,0,0,1,0,1,0
mli,0,0,0,0,0,1,0
mln,0,0,0,1,0,0,1
mlp,1,0,0,0,0,0,0
mlq,1,1,0,0,0,0,1
mlt,0,0,0,0,0,0,1
mmai,0,0,0,0,1,1,0
mmal,1,0,0,0,0,1,0
mmb,0,0,0,1,1,0,0
mmc,1,0,0,0,0,1,0
mmed,1,0,0,0,0,0,0
mmic,1,0,0,0,0,0,0
mmk,1,0,0,0,0,0,0
mmm,1,0,0,0,0,1,0
mmob,0,0,0,0,1,0,0
mmr,1,0,0,0,0,0,0
mmt,0,0,0,0,1,0,0
mmyr,0,0,0,1,1,0,1
mno,1,0,0,0,0,0,0
mnr,1,1,0,1,1,1,1
moc,0,1,0,0,0,0,0
mod,0,0,0,1,0,1,0
moi,1,0,0,0,0,0,0
mon,1,0,0,0,0,0,0
mop,0,0,0,1,0,0,0
mor,1,0,0,0,0,0,0
mox,1,1,1,0,0,1,0
mpa,1,0,0,0,0,1,0
mpar,0,0,0,0,0,1,0
mph,1,0,0,1,0,1,0
mphl,1,0,0,0,0,0,0
mpq,1,0,0,1,1,0,1
mprt,1,0,0,1,0,0,0
mpsy,0,0,1,0,0,0,0
mpt,1,0,0,0,0,0,0
mpw,0,0,0,1,0,1,0
mra,1,0,0,0,0,0,0
mrd,1,0,0,0,0,0,0
mrh,1,0,0,0,0,1,0
mrs,0,0,0,1,0,1,1
msb,1,0,0,0,0,0,0
msg,1,0,0,0,0,0,0
msh,1,0,0,0,0,0,0
msl,1,0,0,1,1,0,0
msm,1,0,0,0,0,0,0
msn,1,0,0,0,0,0,0
msp,1,0,0,1,0,0,0
msq,1,0,0,0,0,0,1
msx,0,0,0,0,0,1,0
mtb,1,0,0,0,0,0,0
mtc,1,0,0,0,0,0,0
mtd,1,0,0,0,0,0,0
mte,1,0,0,0,0,0,0
mter,1,0,0,1,0,1,0
mtf,1,0,0,0,0,0,0
mtg,1,0,0,0,0,0,0
mthd,1,0,0,0,0,0,0
mthi,1,0,0,0,0,0,0
mthn,1,0,0,0,0,1,0
mtj,1,0,0,0,0,0,0
mtk,1,0,0,0,0,0,0
mtl,1,0,0,0,0,0,0
mtn,1,0,0,0,0,0,0
mto,1,0,0,0,0,0,0
mtq,1,0,0,0,0,0,0
mtu,1,0,0,0,0,0,0
mtua,1,0,0,1,0,1,0
mtub,1,0,0,0,0,0,0
mtuc,1,0,0,0,0,0,0
mtue,1,0,0,0,0,0,0
mtuh,1,0,0,0,0,0,0
mtul,1,0,0,0,0,0,0
mtun,1,0,0,0,1,0,1
mtur,1,0,0,0,0,0,0
mtut,1,0,0,0,0,0,0
mtuu,1,0,0,0,0,0,0
mtv,1,0,0,0,0,0,0
mtw,0,0,0,0,0,1,0
mtx,1,0,0,0,0,0,0
mtz,1,0,0,0,0,0,0
muz,1,0,0,1,0,0,0
mva,1,0,0,1,0,0,0
mvq,1,0,0,0,0,0,0
mvs,0,1,0,0,0,1,0
mwa,1,0,0,0,0,0,0
mxe,1,0,0,0,0,1,0
myo,1,0,0,0,0,1,0
myr,0,0,0,1,0,1,1
myv,1,0,0,0,0,1,0
myz,0,0,0,1,0,1,0
nad,1,0,0,0,0,0,0
naf,0,0,0,1,0,0,0
nak,1,0,0,0,0,0,0
nal,1,0,0,0,0,0,0
nam,0,1,0,0,0,0,0
nao,0,0,0,0,0,0,1
nap,0,1,0,0,0,0,0
naq,0,0,0,1,0,1,1
nas,0,0,0,0,0,1,1
nat,0,0,1,1,0,1,0
nax,1,0,0,0,0,0,0
nbl,1,0,0,1,0,1,1
nbr,1,0,0,0,0,0,0
nbv,0,0,0,1,0,0,0
nca,1,0,0,1,0,0,0
ncb,0,1,0,0,0,0,0
ncl,0,0,0,1,0,0,0
ncn,0,0,0,0,0,1,0
nco,0,0,0,0,1,0,0
nct,0,0,0,1,0,0,0
ncu,1,0,0,0,0,0,0
ncy,1,0,0,0,0,0,0
nda,1,0,0,0,0,0,0
ndk,1,0,0,0,0,0,0
ndv,0,0,0,1,0,0,0
nei,1,0,0,1,0,1,1
nek,1,0,0,1,0,1,0
nel,0,0,0,1,0,1,0
net,0,0,0,1,1,0,0
neu,0,0,0,1,1,0,0
nev,0,0,0,1,0,0,0
nfa,1,0,0,0,0,0,0
nfn,0,0,0,1,0,0,0
nfr,1,0,0,0,0,0,0
nfv,0,0,0,1,0,1,1
nga,0,0,0,1,0,0,0
ngg,0,0,0,1,1,0,0
ngk,0,0,0,1,0,1,1
ngl,0,0,0,1,1,0,0
ngo,0,0,0,1,0,1,0
nha,1,0,0,1,0,0,0
nhl,0,0,0,1,1,0,0
nib,0,0,0,0,0,0,1
nic,0,0,0,1,0,0,0
nid,0,0,0,1,0,0,0
nii,0,0,0,1,0,0,0
nim,1,0,0,1,0,0,0
nin,0,0,0,1,0,0,0
nir,0,0,0,1,0,0,0
nis,0,1,1,0,1,0,1
nit,0,0,0,1,1,0,0
niw,0,0,0,1,0,0,0
niy,0,1,0,1,0,0,0
nko,0,0,0,0,0,0,1
nkr,0,0,0,1,0,0,0
nla,0,0,0,1,0,1,1
nlc,0,0,0,1,0,0,0
nma,0,0,0,1,0,1,0
nmc,0,0,0,1,0,1,0
nme,0,0,0,1,0,1,0
nmh,0,0,0,1,0,1,0
nmi,0,0,0,1,0,1,0
nmj,1,0,0,1,0,1,1
nml,1,0,0,0,0,0,0
nmm,0,0,0,1,0,1,0
nmn,0,0,0,0,0,1,0
nmp,0,0,0,1,0,1,0
nmq,0,0,0,0,0,1,0
nmr,0,0,0,1,0,0,0
nms,0,0,0,1,0,1,0
nmu,0,0,0,1,1,0,0
nmw,0,0,0,1,0,1,0
nmx,0,0,0,1,0,1,0
nmz,0,0,0,1,0,1,0
nno,1,0,0,0,0,0,0
noa,1,0,0,1,0,0,0
noc,0,0,0,1,1,0,0
nod,1,0,0,0,0,0,0
noh,1,1,0,0,0,0,0
noi,1,0,0,0,0,0,0
nok,1,1,1,1,1,0,1
nor,0,0,0,0,0,1,0
nou,1,0,0,0,0,1,1
now,1,0,0,1,0,0,0
nox,0,0,0,1,0,0,0
noz,1,0,0,0,0,0,0
npe,1,0,1,1,0,1,0
nph,0,0,0,1,0,0,0
npl,1,0,1,1,0,1,0
npn,0,0,0,0,0,1,0
nsa,0,1,0,0,1,0,1
nsf,0,0,0,1,0,1,1
nsi,1,0,0,1,0,1,1
nsl,1,0,0,0,0,0,0
nsn,1,0,0,1,0,0,0
nso,0,0,0,0,0,1,1
nsr,1,0,0,0,0,0,0
nst,0,0,0,1,1,0,0
ntm,1,0,0,0,0,0,0
ntt,0,0,0,0,0,1,0
nue,0,0,0,1,0,0,0
nur,0,0,0,1,0,0,0
nvn,0,0,0,1,0,0,0
nvr,1,0,0,1,0,1,0
nwa,0,0,0,0,1,1,0
nwe,0,0,0,1,0,1,0
nwi,1,0,0,1,0,0,0
nwr,0,0,0,1,1,0,0
nzl,1,0,0,1,0,1,0
nzo,1,0,0,1,0,1,0
oac,0,0,0,0,0,1,0
oah,1,0,0,1,1,0,1
oai,0,1,1,1,1,0,1
oan,1,0,0,1,1,0,1
oat,0,0,0,1,0,0,0
oca,1,0,0,1,0,0,1
ocd,0,0,0,1,1,0,0
oce,0,1,0,1,0,1,0
ocg,1,0,0,1,0,0,1
och,0,0,0,1,1,0,0
oci,0,0,0,0,0,0,1
ocm,1,0,0,1,1,1,1
oco,0,0,0,1,0,0,0
oct,1,0,0,0,0,0,0
odi,1,0,0,1,0,1,0
oek,1,0,0,0,0,0,0
oho,0,0,0,0,0,0,1
oll,0,0,0,0,0,1,1
ome,0,1,0,0,0,0,0
oni,0,0,0,0,0,1,0
ooi,0,1,0,0,0,0,0
opf,0,1,0,1,0,1,0
opo,1,1,0,0,0,0,0
opr,1,1,1,0,1,0,0
ops,1,0,0,1,1,0,0
orb,1,0,0,0,0,0,0
orm,0,0,0,1,0,0,0
orn,1,0,0,1,0,1,0
orz,1,0,0,1,0,1,0
osg,0,1,0,0,0,0,0
otk,1,0,0,1,0,1,0
oto,0,0,0,1,1,0,1
otr,0,1,1,0,1,0,1
our,0,0,0,1,0,1,0
oxy,0,0,0,0,0,1,0
pac,1,0,0,1,0,1,0
pacc,1,0,0,1,0,1,0
pach,1,0,0,1,0,1,0
pacn,1,0,0,1,0,0,0
paco,0,1,1,0,1,0,1
pacr,1,0,0,0,0,0,0
pact,0,0,0,1,0,1,1
pad,1,0,0,1,0,1,0
pae,1,1,1,0,1,0,1
paea,1,0,0,0,0,0,0
paeb,1,1,1,0,1,0,1
paec,1,1,1,0,1,0,1
paed,1,0,0,1,1,0,0
paee,1,0,0,0,0,0,0
paeg,1,1,1,0,1,0,1
paeh,1,0,0,0,0,0,0
paei,1,1,1,0,1,0,1
pael,1,1,1,0,1,0,1
paem,1,1,1,0,1,0,1
paen,1,0,0,0,0,0,0
paeo,1,1,1,0,1,0,1
paep,1,1,1,0,1,0,1
paeq,1,0,0,0,0,0,0
paer,1,1,1,0,1,0,1
paes,1,1,1,0,1,0,1
paeu,1,1,1,0,1,0,1
paev,1,1,1,0,1,0,1
paf,1,1,1,0,1,0,1
pag,1,1,1,0,1,0,1
pagc,1,0,0,0,0,0,0
pagg,1,0,0,0,0,0,0
pagr,1,1,1,0,0,1,0
pai,1,0,0,0,0,1,0
paih,1,0,0,0,0,0,0
pak,1,0,0,1,0,1,0
palc,0,1,0,0,0,0,0
palg,1,0,0,0,0,0,0
palh,1,0,0,0,0,0,0
palk,1,1,0,0,1,0,0
pall,0,1,0,0,0,0,0
pamn,1,0,1,0,1,0,1
pana,1,0,0,0,0,0,0
panc,1,0,0,0,0,0,0
panp,1,0,0,0,0,0,0
pans,0,1,0,0,0,0,0
pao,0,1,0,0,0,0,0
pap,1,1,1,0,1,0,1
par,1,0,0,0,0,0,0
paro,1,0,0,0,0,0,0
paru,0,0,1,0,1,0,1
pary,0,0,0,0,0,1,0
pas,1,0,0,0,0,1,0
pau,1,1,1,0,1,0,1
paur,1,0,1,0,1,0,1
pav,1,0,0,1,0,1,0
paw,1,0,0,1,0,1,0
pax,1,0,0,1,0,1,0
paz,1,0,0,1,0,1,0
pba,1,1,1,0,1,0,1
pbc,1,1,1,0,1,0,1
pbh,0,1,0,1,1,1,1
pbm,1,1,1,0,1,0,1
pbo,1,0,0,1,0,1,0
pbor,0,0,0,0,0,1,0
pbv,1,0,0,0,0,0,0
pcay,0,1,0,1,0,0,0
pcd,1,0,0,0,0,0,0
pcg,1,0,1,0,1,0,1
pch,1,0,0,1,1,0,0
pcib,1,0,0,0,0,0,0
pcl,1,0,0,0,0,1,1
pcn,1,0,0,1,0,1,0
pcol,1,0,0,0,0,0,0
pcp,0,0,0,1,0,0,0
pcq,1,0,0,1,1,1,1
pcx,1,0,0,1,0,1,0
pcz,0,0,0,1,0,0,0
pde,1,1,1,0,1,0,1
pdj,1,0,0,0,0,1,1
pdk,1,1,1,0,1,0,1
pdl,0,0,0,0,0,1,0
pdo,0,0,0,1,0,0,0
pdr,1,0,0,1,1,0,1
pds,0,1,0,0,0,1,0
pdx,1,0,0,0,0,0,0
pdz,1,0,0,0,0,0,0
peh,0,0,0,0,0,1,0
pej,0,0,0,0,0,0,1
pen,0,0,0,1,0,0,0
pey,1,0,0,0,0,0,0
pfb,1,0,0,0,0,0,0
pfe,1,1,1,0,1,0,1
pff,1,0,0,0,0,0,0
pfk,1,1,1,0,1,0,1
pfl,0,0,0,1,0,0,0
pfn,1,0,0,0,0,0,0
pfr,0,0,0,1,0,1,0
pfre,1,0,0,1,0,1,0
pfv,0,1,0,0,0,0,0
pfw,1,0,0,0,0,0,0
pga,0,0,0,1,1,0,0
pgd,0,0,0,1,1,0,0
pgin,0,0,0,1,0,1,1
pgl,0,0,0,1,1,0,0
pgm,1,0,0,0,0,0,0
pgo,0,0,0,0,0,0,1
pgp,1,0,0,0,0,0,0
pgv,0,0,1,0,1,0,1
pgz,1,0,0,0,0,0,0
pha,0,0,0,1,0,1,0
phau,1,0,0,0,0,0,0
php,0,0,0,0,1,0,1
phq,0,0,0,1,1,0,1
phr,1,0,0,0,0,0,0
phs,1,0,0,0,0,0,0
phw,0,0,0,1,0,0,0
pib,1,0,0,0,0,0,0
pig,1,0,0,0,0,0,0
pin,0,1,0,0,0,0,1
pkb,1,0,0,0,0,0,0
pkc,1,1,0,0,0,0,0
pkd,1,0,1,0,1,0,1
pkt,0,1,1,0,1,0,0
pla,0,0,0,1,0,1,0
plen,1,0,0,0,0,0,0
pleo,0,0,0,1,0,0,1
plh,0,0,0,0,0,1,0
pll,1,0,0,0,0,0,0
plp,0,0,0,0,0,1,0
plv,1,0,0,0,0,0,0
plw,1,0,0,0,0,0,0
pmad,1,0,0,0,0,0,0
pman,1,0,1,0,1,1,1
pmar,0,0,0,1,0,0,0
pmib,1,0,0,0,0,0,0
pmk,0,1,0,1,1,0,1
pmos,0,0,0,1,0,0,0
pmr,1,0,0,0,0,0,0
pmut,0,0,0,0,1,0,0
pmx,0,1,1,0,0,1,1
pmy,0,1,0,0,0,0,0
pna,1,0,0,1,0,1,0
pnc,1,1,1,0,1,0,1
png,0,0,0,1,0,1,0
poa,0,0,0,1,0,1,0
pob,0,0,0,1,0,0,0
pod,1,0,0,0,0,0,0
pog,1,0,0,0,0,1,0
pol,1,0,0,0,0,0,0
ppan,1,1,1,0,1,0,1
ppeo,1,0,0,0,0,0,0
pphr,1,0,0,1,1,0,1
ppic,0,0,0,1,1,0,0
ppk,1,0,0,0,0,0,0
ppm,1,0,0,0,0,0,0
ppnm,1,0,0,0,0,0,0
ppno,1,0,0,0,0,0,0
ppo,1,0,0,0,0,0,0
ppol,1,0,0,0,0,0,0
ppoy,1,0,0,0,0,0,0
ppq,1,0,0,0,0,0,0
pprc,0,0,0,1,0,0,0
ppro,0,0,0,1,0,0,0
ppse,0,1,0,0,0,0,0
ppy,1,0,0,0,0,0,0
pra,0,0,0,1,0,0,0
prb,1,0,0,0,0,0,0
pri,1,0,0,0,0,0,0
prl,0,0,0,1,0,1,0
prot,1,0,0,0,0,0,0
prp,1,1,1,0,1,0,1
prw,0,0,0,0,0,1,0
psa,1,1,1,0,1,0,1
psc,1,1,1,1,1,0,1
pse,1,0,1,0,1,0,1
pseb,0,0,1,0,1,0,1
psec,0,0,0,1,0,0,0
psed,1,1,1,0,1,0,1
psei,1,0,0,1,0,0,0
psem,0,0,0,1,0,0,0
pses,1,0,0,0,0,0,0
psey,1,0,0,0,0,0,0
psez,0,0,0,0,0,0,1
psf,1,1,1,0,1,1,1
psg,1,1,1,0,1,0,1
psh,1,1,1,1,1,0,1
psil,1,1,1,0,1,0,1
psj,1,1,1,1,1,0,1
psk,1,0,1,0,1,0,1
psn,0,0,0,0,0,0,1
psni,1,0,0,0,0,0,0
psos,0,0,0,1,0,0,0
pspg,1,0,0,0,0,0,0
psr,1,1,1,0,1,0,1
pstu,1,1,1,0,1,0,1
psu,0,1,0,1,0,1,0
psuw,0,1,0,1,0,1,0
psy,0,1,0,0,0,0,0
psyc,1,0,0,1,0,1,0
psyg,1,0,0,0,0,0,0
psyn,0,0,0,0,0,0,1
psyy,1,0,0,0,0,1,0
psz,1,1,1,0,1,0,1
pta,1,0,0,0,0,0,0
ptb,1,0,0,1,0,1,0
ptl,1,0,0,1,0,1,0
ptn,0,0,0,1,0,1,0
ptq,0,0,0,0,0,0,1
pts,1,0,0,0,0,0,0
ptv,1,0,0,0,0,0,0
ptx,1,0,0,0,0,0,0
pus,0,0,0,1,0,0,0
put,0,0,0,1,0,1,0
puv,0,0,0,0,0,1,0
pva,1,0,0,0,0,0,0
pvg,1,0,0,0,0,0,0
pvl,1,0,0,0,0,0,0
pvr,1,0,1,0,1,0,1
pye,1,0,0,0,1,0,1
pyr,1,0,0,0,0,1,1
pzh,1,0,0,0,0,0,0
pzu,1,0,0,1,0,1,0
raa,1,0,0,0,0,0,0
rad,0,1,0,0,0,0,0
rah,1,0,0,0,0,0,0
rain,1,0,0,1,0,1,0
raj,1,0,0,1,0,1,0
rao,1,0,0,0,0,0,0
raq,1,0,0,0,0,0,0
rav,1,0,0,0,0,0,0
rbar,0,0,0,0,0,0,1
rbd,0,0,0,1,0,0,0
rbg,1,0,0,0,0,0,1
rbh,0,1,1,0,1,0,1
rbi,0,0,0,0,0,0,1
rbl,0,0,0,0,0,0,1
rbm,0,1,0,1,0,1,1
rbn,0,0,1,0,1,0,0
rbs,0,0,0,0,0,1,0
rbu,0,0,0,0,0,1,0
rby,1,0,0,0,0,0,0
rbz,0,0,0,1,1,0,1
rca,0,0,1,0,0,0,0
rce,0,1,0,0,0,1,1
rcp,0,0,0,0,0,0,1
rcr,1,0,0,0,0,0,0
rde,1,0,1,0,1,0,1
rdi,0,0,0,0,0,1,0
rdn,1,0,0,1,0,1,0
ree,1,0,0,0,0,0,0
reh,1,1,1,0,0,1,1
rel,0,0,0,1,1,0,0
req,1,0,0,0,0,1,0
ret,0,0,0,1,1,0,0
reu,1,1,1,0,0,1,0
rev,1,1,0,0,1,0,1
rez,0,0,0,1,1,0,0
rfo,0,1,0,0,0,0,0
rfr,1,0,0,0,0,1,1
rga,0,1,0,1,1,0,1
rge,0,0,1,0,1,0,1
rgl,0,0,0,1,0,1,0
rgr,0,1,0,1,1,0,1
rgu,0,1,0,0,0,0,0
rhd,1,0,0,1,1,1,1
rhf,1,0,0,0,0,1,0
rhh,1,0,0,1,0,1,0
rhi,0,1,0,1,1,0,0
rhj,0,1,1,0,1,0,0
rhl,0,1,0,0,0,0,0
rhn,0,0,0,1,1,0,0
rhoz,0,0,0,0,0,1,1
rhp,0,0,1,0,1,0,1
rhq,1,0,0,0,0,0,0
rht,0,1,0,1,1,0,0
rhv,0,1,0,1,1,0,0
rhw,1,0,0,0,0,0,0
rhx,0,0,0,1,1,0,0
rhz,1,0,0,0,0,0,0
rid,0,1,0,1,1,0,0
rir,0,1,0,1,1,0,0
rjg,1,0,0,0,0,0,0
rli,0,0,1,0,1,0,1
rlt,0,1,0,0,0,0,0
rmb,0,0,0,1,1,0,0
rme,1,1,1,0,0,1,1
rmm,0,0,0,0,0,0,1
rmu,1,0,0,1,0,1,0
roh,0,0,0,1,1,0,0
rok,0,0,0,0,0,0,1
rom,0,1,1,0,1,0,1
ron,1,0,0,0,0,0,0
roo,0,1,0,0,0,0,0
rop,1,0,0,0,0,0,0
ror,1,0,0,0,0,0,0
rox,1,0,0,0,0,0,0
roy,0,0,0,0,0,0,1
rpa,0,0,0,1,1,0,1
rpb,0,0,0,0,0,0,1
rpc,0,1,0,0,0,0,1
rpe,0,0,0,1,1,0,1
rpf,1,1,0,1,0,1,1
rpha,0,0,0,1,1,0,0
rpi,1,1,0,1,0,1,1
rpj,1,1,1,0,0,1,1
rpln,1,0,0,0,0,0,0
rpod,0,0,0,1,0,0,0
rpon,0,0,0,1,1,0,0
rpt,0,0,0,1,1,0,1
rpu,1,0,0,1,0,1,1
rpx,0,0,0,1,1,0,1
rpy,1,0,0,0,0,0,0
rrd,1,0,0,0,0,0,0
rrt,1,0,0,0,0,0,0
rrz,1,0,0,1,0,0,0
rse,1,0,0,1,0,1,1
rsh,0,0,0,0,1,0,0
rsi,0,0,0,0,0,0,1
rsk,0,0,0,1,1,0,1
rsl,1,0,0,1,0,1,0
rsm,1,0,0,1,0,1,1
rsn,1,0,0,1,0,1,0
rso,1,0,0,1,0,1,1
rsp,0,1,0,0,1,0,0
rsq,0,1,0,1,1,0,1
rsy,1,0,0,1,0,1,0
rtg,1,0,0,0,0,0,0
rua,0,1,1,0,1,0,1
rub,1,0,0,0,0,0,0
rud,0,0,0,0,0,0,1
ruf,0,0,0,1,0,1,1
run,0,0,0,0,0,0,1
rut,0,1,1,0,1,0,1
rxy,1,0,0,0,0,0,0
saa,1,0,0,0,0,0,0
sab,1,0,0,0,0,0,0
sac,1,0,0,0,0,0,0
saca,1,0,0,0,0,0,0
sacc,1,0,0,0,0,0,0
sacz,1,0,0,1,0,1,0
sad,1,0,0,0,0,0,0
sae,1,0,0,0,0,0,0
saf,0,0,0,0,0,1,0
saga,1,1,0,0,0,0,0
sagq,1,0,0,0,0,1,0
sagu,0,0,0,1,1,0,0
sala,0,0,0,1,0,0,0
salb,1,0,0,0,0,0,0
sale,1,0,0,0,0,0,0
salf,1,0,0,0,0,0,0
sali,0,0,0,1,0,0,0
sall,1,0,0,0,0,0,0
saln,1,0,0,1,0,1,0
salo,0,0,0,1,0,0,0
salt,0,0,0,0,0,0,1
salu,1,0,0,0,0,0,0
salv,1,0,0,0,0,0,0
sam,1,0,0,0,0,0,0
samb,1,0,0,0,0,0,0
same,0,1,0,1,1,0,0
sami,0,0,0,0,0,1,0
sams,1,0,0,0,0,0,0
sanw,1,0,0,1,0,0,0
sao,1,0,0,0,0,0,0
sap,0,0,0,1,0,0,0
saq,1,0,0,0,0,0,0
sar,1,0,0,0,0,1,0
sas,1,0,0,0,0,0,0
satk,1,0,0,1,0,0,0
sau,1,0,0,0,0,0,0
saua,1,0,0,0,0,1,0
saub,1,0,0,0,0,1,0
sauc,1,0,0,0,0,0,0
saud,1,0,0,0,0,0,0
saue,1,0,0,0,0,0,0
sauf,1,0,0,0,0,0,0
saug,1,0,0,0,0,0,0
saui,1,0,0,0,0,0,0
sauj,1,0,0,0,0,0,0
sauk,1,0,0,0,0,0,0
saum,1,0,0,0,0,0,0
saun,1,0,0,0,0,0,0
sauq,1,0,0,0,0,0,0
saur,1,0,0,0,0,0,0
saus,1,0,0,0,0,0,0
saut,1,0,0,0,0,0,0
sauu,1,0,0,0,0,0,0
sauv,1,0,0,0,0,0,0
sauw,1,0,0,0,0,0,0
saux,1,0,0,0,0,0,0
sauy,1,0,0,0,0,0,0
sauz,1,0,0,0,0,1,0
sav,1,0,0,0,0,0,0
saw,1,0,0,0,0,0,0
sax,1,0,0,0,0,0,0
say,0,0,0,1,0,0,0
sbac,1,0,0,0,0,0,0
sbd,0,0,0,0,0,1,0
sbf,0,0,0,0,0,1,0
sbg,1,1,0,0,0,0,0
sbh,1,0,0,0,0,0,0
sbv,1,1,0,0,0,0,0
sbz,1,1,0,0,0,0,0
sca,1,0,0,0,0,0,0
scap,1,0,0,0,0,0,0
scar,1,0,0,0,0,0,0
scb,1,0,0,0,0,0,0
schr,1,0,0,0,0,0,0
sclo,0,0,0,0,0,1,0
sco,1,0,0,0,0,0,0
sct,1,0,0,0,0,0,0
scv,1,0,0,0,0,0,0
scw,1,0,0,0,0,0,0
scx,1,0,0,0,0,0,0
scy,1,0,0,0,0,0,0
sde,0,1,0,0,0,0,0
sdf,1,0,1,0,1,0,1
sdj,0,0,0,1,0,1,0
sdn,0,1,0,1,1,0,1
sdo,1,0,0,0,0,0,0
sdp,1,0,0,0,0,0,0
sdr,0,1,1,0,1,0,1
sdt,1,0,0,0,0,0,0
sdv,1,0,0,0,0,0,0
sdy,1,1,0,0,0,0,0
sdz,1,1,0,0,0,0,0
sech,1,1,1,0,1,0,1
sedi,0,1,0,1,1,0,1
seds,1,1,1,0,1,0,1
sen,1,0,0,0,0,0,0
sep,1,0,0,0,0,0,0
sepp,1,0,0,0,0,0,0
seps,1,0,0,0,0,0,0
seqo,1,0,0,0,0,0,0
ser,1,0,0,0,0,0,0
sera,1,0,0,0,0,0,0
serj,0,0,0,1,0,0,0
serm,1,1,0,0,0,0,0
serq,1,0,0,0,0,0,0
sers,1,0,0,0,0,0,0
serw,1,0,0,1,0,1,0
sfd,0,1,0,1,1,0,1
sff,1,0,0,0,0,0,0
sfh,0,1,0,1,1,0,0
sfj,1,0,0,0,0,0,0
sfk,1,0,0,0,0,0,0
sfq,1,0,0,0,0,0,0
sgi,1,0,0,0,0,1,0
sgoe,1,0,0,0,0,0,0
sgs,1,0,0,0,0,0,0
sha,1,0,0,0,0,0,0
shd,0,1,1,0,0,0,1
shh,1,0,0,0,0,0,0
shom,1,0,0,0,0,0,0
shu,1,0,0,0,0,1,0
shv,1,0,0,0,0,0,0
shyd,0,0,0,0,0,1,0
shz,0,1,0,1,1,0,1
sia,1,0,0,0,0,0,0
sic,1,0,0,0,0,0,0
sih,0,0,0,0,0,1,0
sij,0,0,0,1,0,0,0
sil,0,0,1,0,1,0,1
sim,1,0,0,0,0,0,0
simp,1,0,1,1,0,0,1
sin,0,0,0,0,0,1,0
sini,0,0,1,1,0,0,0
sino,0,1,0,1,1,0,0
sir,1,0,0,0,0,1,0
sis,0,0,0,0,0,1,0
siw,0,1,0,1,1,0,0
six,0,1,0,1,1,0,1
siy,0,0,0,0,0,1,0
sku,0,1,0,0,1,0,0
sky,1,0,0,0,0,0,0
slau,1,0,0,0,0,0,0
sle,1,0,0,0,0,0,0
slg,1,0,0,0,0,0,0
slh,0,1,1,0,1,0,1
slim,0,0,1,0,0,0,0
slk,1,0,0,0,0,0,0
sln,1,0,0,0,0,0,0
slq,1,1,0,0,0,0,0
slt,0,0,1,0,1,0,0
slv,1,0,0,0,0,0,0
slz,1,0,0,0,0,0,0
smac,1,0,0,0,0,0,0
smaf,1,1,0,0,0,0,0
smal,1,0,0,0,0,0,0
smar,1,0,0,0,0,0,0
smd,0,1,0,1,1,0,0
sme,0,1,0,1,1,0,1
smeg,0,1,0,1,1,0,1
smel,0,1,0,1,1,0,1
smer,0,1,0,1,1,0,1
smi,0,1,0,1,1,0,1
smic,1,0,0,0,0,0,0
smiz,0,0,0,1,0,1,1
smk,0,1,0,0,0,0,0
sml,1,0,0,0,0,0,0
smq,0,1,0,1,1,0,1
smt,1,0,0,0,0,0,0
smur,1,0,0,1,0,1,1
smus,1,0,0,0,0,0,0
smw,1,0,0,0,0,0,0
smx,0,1,0,0,0,0,0
sna,1,0,0,0,0,0,0
snl,1,0,0,0,0,0,0
snn,0,1,0,0,1,0,0
sno,0,1,0,1,1,0,0
sod,1,0,0,0,0,0,0
sof,1,1,0,0,0,0,0
soh,1,0,0,0,0,0,0
sol,0,0,0,0,0,1,0
soo,1,0,0,1,0,0,0
spae,0,0,0,0,0,0,1
spas,1,0,0,0,0,0,0
spav,1,0,0,0,0,0,0
spe,1,1,0,0,0,0,0
spet,1,0,0,0,0,0,0
spha,0,0,0,0,0,1,0
sphc,0,0,0,1,0,1,0
sphd,0,0,0,1,0,1,0
sphe,0,0,0,0,0,1,1
sphj,0,0,0,0,0,1,0
sphm,0,0,0,0,0,1,0
sphn,0,0,0,0,0,0,1
spho,1,0,0,0,0,1,0
sphp,0,0,0,0,0,1,0
spht,0,0,0,1,0,1,0
sphu,0,0,0,0,0,1,0
sphz,0,0,0,0,0,0,1
sply,1,1,0,0,0,0,0
spon,0,0,0,0,0,0,1
spop,1,0,0,0,0,0,0
spor,1,0,0,0,0,0,0
spos,1,0,0,0,0,0,1
spsc,0,0,0,0,0,0,1
spse,0,0,0,1,1,0,0
spsy,1,0,0,0,0,0,0
squ,1,1,0,0,0,0,0
sra,1,1,0,0,0,0,0
srl,1,1,0,0,0,0,0
srm,0,0,0,0,0,0,1
srn,1,0,0,0,0,0,0
sro,1,0,0,1,0,0,0
srr,1,1,0,0,0,0,0
srs,1,1,0,0,0,0,0
sru,0,0,0,0,0,0,1
srub,0,0,0,1,0,1,0
sry,1,1,0,0,0,0,0
srz,1,1,0,0,0,0,0
ssch,1,0,0,0,0,0,0
sscu,1,0,0,0,0,0,0
sscz,1,0,0,0,0,0,0
ssd,1,0,0,0,0,0,0
ssia,1,0,0,0,0,0,0
ssif,0,0,0,0,0,1,0
sso,0,0,0,0,0,1,0
ssoa,0,0,0,0,0,1,0
ssof,0,0,0,0,0,1,0
ssol,0,0,0,0,0,1,0
ssyi,1,0,0,0,0,0,0
stem,1,0,0,0,0,0,0
sten,1,0,0,0,0,0,0
ster,0,0,0,0,0,1,0
stes,1,0,0,0,0,0,0
sti,0,0,0,1,0,0,1
stp,1,0,0,0,0,0,0
strc,1,0,0,0,0,0,0
strd,1,0,0,0,0,0,0
strt,1,0,0,0,0,0,0
sua,0,1,0,0,1,0,1
suc,1,0,0,0,0,0,0
sud,1,0,0,0,0,1,0
sue,1,0,0,0,0,1,0
suf,1,0,0,0,0,1,0
sug,1,0,0,0,0,1,0
suh,1,0,0,0,0,0,0
suj,1,0,0,0,0,1,0
suk,1,0,0,0,0,1,0
sul,0,1,1,0,0,1,0
sulc,0,1,1,0,1,0,1
sulg,0,1,1,0,1,0,1
suli,0,0,1,0,1,0,1
suln,0,1,1,0,1,0,1
sulr,0,1,0,0,1,0,0
sulz,0,0,0,1,0,0,0
sun,0,1,0,0,1,0,1
suq,1,0,0,0,0,1,0
sure,1,0,0,0,0,0,0
sus,0,0,0,0,0,1,0
sut,1,0,0,0,0,1,0
suu,1,0,0,0,0,0,0
suv,1,0,0,0,0,0,0
suw,1,0,0,0,0,1,0
sux,1,0,0,0,0,1,0
suy,1,0,0,0,0,0,0
suz,1,0,0,0,0,0,0
sva,0,0,1,0,1,0,0
svc,1,0,0,0,0,0,0
svo,0,1,0,0,0,0,0
swa,1,0,0,0,0,0,0
swf,1,0,0,0,0,1,0
swi,0,0,0,1,0,1,0
sxl,1,0,0,0,0,0,0
sxo,1,0,0,0,0,0,0
sxy,1,0,0,0,0,0,0
syn,0,0,0,0,0,1,0
syo,0,0,0,0,0,1,0
syq,0,0,0,0,0,1,0
sys,0,0,0,0,0,1,0
syt,0,0,0,0,0,1,0
syy,0,0,0,0,0,1,0
syz,0,0,0,0,0,1,0
taa,0,0,0,1,0,0,0
taci,1,0,0,0,0,0,0
tah,0,0,0,1,0,0,0
tak,1,0,1,0,1,0,1
tam,0,1,0,0,0,0,0
tas,0,0,0,1,0,0,0
tat,0,0,0,1,0,0,0
tav,0,1,0,0,0,0,0
taw,0,0,0,1,0,0,0
tbc,1,0,0,1,0,0,0
tbd,1,0,1,0,1,0,1
tbh,1,0,0,0,0,0,0
tbi,0,0,0,1,0,0,0
tbn,0,1,1,0,1,0,1
tci,1,0,0,0,0,0,0
tcl,1,0,1,0,1,0,1
tdn,0,1,0,0,1,0,1
tea,0,0,0,1,0,0,0
tee,0,0,0,1,0,0,0
teg,0,0,0,1,0,0,0
ten,0,0,0,1,0,0,0
teq,0,0,0,1,0,0,0
tez,1,0,0,1,0,0,0
tfu,0,0,0,1,0,0,0
tgl,1,0,0,0,0,0,1
tgr,0,0,0,0,0,0,1
thac,0,0,0,1,0,0,0
thap,0,1,0,0,0,0,0
thas,0,0,1,0,1,0,1
thd,1,0,0,0,0,0,0
thec,0,0,0,0,0,1,0
thef,0,0,0,1,0,0,0
theh,1,0,0,1,0,1,0
thep,0,0,0,1,0,0,0
thes,1,0,0,1,0,1,0
thi,1,0,0,0,0,0,0
this,1,0,1,0,1,0,0
thk,0,1,1,0,1,0,1
tho,1,1,0,0,1,0,0
thu,0,1,1,0,1,0,1
thw,1,0,0,1,1,0,0
tid,0,1,0,0,0,0,0
tig,1,0,1,0,1,0,1
tii,1,0,0,0,0,0,1
tin,1,0,0,0,0,0,0
tkm,0,0,0,1,0,0,0
tmai,0,1,0,0,0,0,0
tmc,0,0,0,0,0,1,0
tmo,1,0,0,0,0,0,0
tmp,0,0,0,1,0,1,0
tmr,0,0,0,1,0,0,0
tmz,1,1,1,0,1,0,1
tnr,1,0,0,0,0,0,0
toy,1,0,0,1,0,0,0
tpar,1,0,0,0,0,0,0
tpro,0,0,0,1,1,0,0
tpty,1,0,0,0,0,0,0
tpx,0,0,0,1,0,0,0
trb,0,1,0,0,0,0,0
tro,0,0,0,0,0,0,1
tsc,1,0,1,1,1,0,0
ttc,0,0,1,0,1,0,1
ttk,0,1,0,0,0,0,0
ttl,1,0,1,0,1,0,0
ttr,0,0,0,1,0,0,0
tts,1,0,1,0,1,0,0
tuz,0,0,0,0,0,1,0
tvi,0,1,0,0,0,1,0
tvr,0,0,0,1,0,0,0
tvu,0,0,0,1,0,0,0
txi,0,1,1,0,1,0,1
upi,1,0,0,0,0,0,1
upv,1,0,1,0,1,1,1
vaf,0,1,0,0,0,0,0
van,0,1,0,0,0,0,0
vas,0,1,0,0,0,0,0
vat,1,0,0,0,0,1,0
vau,0,1,0,0,0,0,0
vce,0,1,0,0,0,0,0
vcf,0,1,0,0,0,0,0
vch,0,1,0,0,0,0,0
vci,0,1,0,0,0,0,0
vcj,0,1,0,0,0,0,0
vcl,0,1,0,0,0,0,0
vcm,0,1,0,0,0,0,0
vco,0,1,0,0,0,0,0
vcq,0,1,0,0,0,0,0
vcr,0,1,0,0,0,0,0
vcs,0,1,0,0,0,0,0
vcx,0,1,0,0,0,0,0
vcz,0,1,0,0,0,0,0
vdi,1,0,0,0,0,1,0
vdn,1,0,0,0,0,1,0
vej,1,1,0,0,0,0,0
vff,0,1,0,0,0,0,0
vfl,1,1,0,0,0,0,0
vfu,0,1,0,0,0,0,0
vhl,1,0,0,1,0,0,0
vig,1,0,0,0,0,0,0
vil,1,0,0,0,0,0,0
vim,1,0,0,1,0,0,0
vir,1,0,0,1,0,0,0
vna,0,1,0,0,0,0,0
vni,0,1,0,0,0,0,0
vok,1,0,0,0,0,0,0
vpd,1,0,0,0,0,1,0
vpr,1,0,0,0,0,1,0
vqi,0,1,0,0,0,0,0
vrm,1,0,0,0,0,1,0
wch,0,0,0,0,0,1,0
wfu,0,1,0,1,0,1,0
wjo,0,0,0,0,0,1,0
wma,0,0,1,0,0,1,0
woc,0,0,1,0,0,1,0
xau,0,0,0,0,0,1,0
xba,0,0,1,0,0,1,0
xce,1,0,0,1,0,0,0
yal,0,1,0,0,0,0,0
yel,0,1,0,0,0,0,0
yen,0,1,0,0,0,0,0
yew,0,1,0,0,0,0,0
yhi,0,1,0,0,0,0,0
yin,1,1,0,0,0,0,0
ypa,0,1,0,0,0,0,0
ypac,0,1,0,0,0,0,0
ypb,0,1,0,0,0,0,0
ypc,0,1,0,0,0,0,0
ypd,0,1,0,0,0,0,0
ype,0,1,0,0,0,0,0
ypf,0,1,0,0,0,0,0
ypg,0,1,0,0,0,0,0
yph,0,1,0,0,0,0,0
ypi,0,1,0,0,0,0,0
ypj,0,1,0,0,0,0,0
ypl,0,1,0,0,0,0,0
ypm,0,1,0,0,0,0,0
ypn,0,1,0,0,0,0,0
ypo,0,1,0,0,0,0,0
ypp,0,1,0,0,0,0,0
ypq,0,1,0,0,0,0,0
ypr,0,1,0,0,0,0,0
yps,0,1,0,0,0,0,0
ypt,0,1,0,0,0,0,0
ypu,0,1,0,0,0,0,0
ypv,0,1,0,0,0,0,0
ypw,0,1,0,0,0,0,0
ypx,0,1,0,0,0,0,0
ypy,0,1,0,0,0,0,0
ypz,0,1,0,0,0,0,0
yrb,0,1,0,0,0,0,0
yre,1,0,0,0,0,0,0
yru,0,1,0,0,0,0,0
ysi,1,1,0,0,0,0,0
zdf,0,1,0,1,0,1,1
zga,0,1,0,0,0,1,1
zpa,0,1,1,0,1,0,1
